{
  "project_info": {
    "project_number": "934080008391",
    "project_id": "muslim-b3521",
    "storage_bucket": "muslim-b3521.appspot.com"
  },
  "client": [
    {
      "client_info": {
        "mobilesdk_app_id": "1:934080008391:android:0a79cd767bd941aa8a2ee2",
        "android_client_info": {
          "package_name": "com.example.muslimapp"
        }
      },
      "oauth_client": [],
      "api_key": [
        {
          "current_key": "AIzaSyDepWOm74d25ryK5-j87_BTRJa2j8-Ze3w"
        }
      ],
      "services": {
        "appinvite_service": {
          "other_platform_oauth_client": []
        }
      }
    }
  ],
  "configuration_version": "1"
}